{
    "now": "2025-08-05T15:52:10.623Z",
    "perfNow": 878836.7999999523,
    "diagnosticCorrelation": "9c6f5263-19f4-4dee-aaca-f79e7e4c74ce",
    "source": "DownloadSupportFiles",
    "environment": {
        "productName": "adf",
        "buildVersion": "1.0.072925.0",
        "environmentType": 3,
        "resourceName": "muadf199",
        "resourceRegion": "eastus",
        "resourceGroup": "muskan",
        "subscriptionId": "ad9eaa84-1c27-4d44-88b7-cfc876a5c925",
        "sessionId": "coEm//BDlMYXf42yV2Y/As",
        "operationId": "",
        "gitType": "live",
        "loggingKey": "3b7f6a16-f307-4df7-84f6-1e6e9760f2a5"
    },
    "additionalInfo": {
        "selectedResource": "pipeline1",
        "selectedResourceType": "pipeline"
    }
}