{
    "$schema": "http://schema.management.azure.com/schemas/2015-01-01/deploymentTemplate.json#",
    "contentVersion": "1.0.0.0",
    "parameters": {
        "factoryName": {
            "type": "string",
            "metadata": "Data Factory name",
            "defaultValue": "df199918"
        },
        "SqlServer1_password": {
            "type": "secureString",
            "metadata": "Secure string for 'password' of 'SqlServer1'"
        },
        "AzureBlobStorage1_connectionString": {
            "type": "secureString",
            "metadata": "Secure string for 'connectionString' of 'AzureBlobStorage1'"
        },
        "SqlServer1_properties_typeProperties_server": {
            "type": "string",
            "defaultValue": "DESKTOP-GE4EU9G"
        },
        "SqlServer1_properties_typeProperties_database": {
            "type": "string",
            "defaultValue": "muskan"
        },
        "SqlServer1_properties_typeProperties_userName": {
            "type": "string",
            "defaultValue": "sa"
        },
        "containerUri": {
            "type": "string",
            "metadata": "URI to storage account containing linked ARM templates"
        },
        "containerSasToken": {
            "type": "string",
            "metadata": "Sas token to storage account containing linked ARM templates"
        }
    },
    "variables": {
        "factoryId": "[concat('Microsoft.DataFactory/factories/', parameters('factoryName'))]"
    },
    "resources": [
        {
            "name": "df199918_ArmTemplate_0",
            "type": "Microsoft.Resources/deployments",
            "apiVersion": "2024-03-01",
            "properties": {
                "mode": "incremental",
                "templateLink": {
                    "uri": "[concat(parameters('containerUri'), '/ArmTemplate_0.json', parameters('containerSasToken'))]",
                    "contentVersion": "1.0.0.0"
                },
                "parameters": {
                    "factoryName": {
                        "value": "[parameters('factoryName')]"
                    },
                    "AzureBlobStorage1_connectionString": {
                        "value": "[parameters('AzureBlobStorage1_connectionString')]"
                    },
                    "SqlServer1_password": {
                        "value": "[parameters('SqlServer1_password')]"
                    },
                    "SqlServer1_properties_typeProperties_server": {
                        "value": "[parameters('SqlServer1_properties_typeProperties_server')]"
                    },
                    "SqlServer1_properties_typeProperties_database": {
                        "value": "[parameters('SqlServer1_properties_typeProperties_database')]"
                    },
                    "SqlServer1_properties_typeProperties_userName": {
                        "value": "[parameters('SqlServer1_properties_typeProperties_userName')]"
                    }
                }
            },
            "dependsOn": []
        }
    ]
}