{
    "$schema": "https://schema.management.azure.com/schemas/2015-01-01/deploymentParameters.json#",
    "contentVersion": "1.0.0.0",
    "parameters": {
        "factoryName": {
            "value": "df199918"
        },
        "SqlServer1_password": {
            "value": ""
        },
        "AzureBlobStorage1_connectionString": {
            "value": ""
        },
        "SqlServer1_properties_typeProperties_server": {
            "value": "DESKTOP-GE4EU9G"
        },
        "SqlServer1_properties_typeProperties_database": {
            "value": "muskan"
        },
        "SqlServer1_properties_typeProperties_userName": {
            "value": "sa"
        },
        "containerUri": {
            "value": ""
        },
        "containerSasToken": {
            "value": ""
        }
    }
}