{
    "$schema": "https://schema.management.azure.com/schemas/2015-01-01/deploymentParameters.json#",
    "contentVersion": "1.0.0.0",
    "parameters": {
        "factoryName": {
            "value": "copyadf18"
        },
        "AzureBlobStorage1_connectionString": {
            "value": ""
        },
        "HttpServer1_properties_typeProperties_url": {
            "value": "https://raw.githubusercontent.com/anshlambaoldgit/Adventure-Works-Data-Engineering-Project/main/Data/"
        }
    }
}